type,title,author,press,year,preview_link
近代史料,ceshi123,234,465,765,3453
近代史料,弹窗,youma,有吗,弹窗,111
党史与革命史料,八点,测试,八点测试,八点,
党史与革命史料,再次测试,再测试,在测试,再测一遍,测试测试
党史与革命史料,ceshi2,ceshi,测试,测试,测试测试
近代史料,测试,测试,ceshi,ceshi,测试
党史与革命史料,测试,测试,ceshi,ceshi,测试
党史与革命史料,"一大"前后：中国共产党第一次代表大会前后资料选编3册,中国社会科学院现代史研究室、中国革命博物馆党史研究室选编,人民出版社,1985,
党史与革命史料,1942-1949年美国对华外交档案全集英文扫描件,,,,
党史与革命史料,党内交通史料选编4册,中共中央办公厅机要交通局编,中共中央办公厅机要交通局,,
党史与革命史料,革命回忆录丛书21册,,人民出版社,1980始,
党史与革命史料,共产国际、联共（布）与中国革命档案资料丛书21册,党史研究室第一研究部,北京图书馆出版社,,
党史与革命史料,共和国故事丛书500册（暂缺6册）,,吉林出版集团,2011,
党史与革命史料,广东青年运动历史资料12册,,广东省档案馆广东青运史研究委员会,,
党史与革命史料,国际共产主义运动史文献史料选编5册,中国人民大学科学社会主义系,中国人民大学出版社,,
党史与革命史料,红藏·进步期刊总汇全428册,全网首发唯一全本·平台用户专属,湘潭大学出版社,2014,"通过网盘分享的文件：106、青年知识（全2册） 链接: https://pan.baidu.com/s/1QZ9ljlIpIyvMxpTDDMtJPA?pwd=0000 提取码: 0000"
党史与革命史料,红色档案·延安时期文献档案汇编60册,本书编委会,陕西人民出版社,,
党史与革命史料,红色延安口述·历史21册,任文主编,陕西师范大学出版社,2014,
党史与革命史料,红书简5册,,山西人民出版社,2001,
党史与革命史料,黄埔军校史料汇编22册,,广东教育出版社,2012,
党史与革命史料,建国以来重要文献选编20册,中共中央文献研究室,中国文献出版社,2011,
党史与革命史料,抗美援朝战争后勤经验总结资料选编21册,,金盾出版社,,
党史与革命史料,抗日战争期刊汇编40卷,,全国图书馆文献微缩复制中心,2006,
党史与革命史料,抗日战争时期八路军人员伤亡和财产损失档案选编5册,,中共党史出版社,2014,
党史与革命史料,抗日战争时期陕甘宁边区财政经济史料摘编9册,,长江文艺出版社,2016,
党史与革命史料,毛泽东读书集成（暂59卷）,中共文献研究会,中央文献出版社,2013,
党史与革命史料,美国对华情报解密档案8卷,沈志华杨奎松主编,东方出版中心,2009,
党史与革命史料,农业集体化重要文件汇编（1949-1981）2册,中华人民共和国国家农业委员会办公厅,中共中央党校出版社,1981,
党史与革命史料,亲历重大历史事件实录5卷,《中共党史资料》编辑部,党建读物出版社,2000,
党史与革命史料,十八大以来重要文献选编3卷,中共中央文献研究室,中央文献出版社,2014,
党史与革命史料,十二大以来重要文献选编3卷,中共中央文献研究室,人民出版社,1986,
党史与革命史料,十三大以来重要文献选编3卷,中共中央文献研究室,人民出版社,1993,
党史与革命史料,十五大以来重要文献选编3卷,中共中央文献研究室,人民出版社,2000,
党史与革命史料,十六大以来重要文献选编3卷,中共中央文献研究室,中央文献出版社,2006,
党史与革命史料,十七大以来重要文献选编3卷,中共中央文献研究室,中央文献出版社,2009,
党史与革命史料,苏联历史档案选编34卷,沈志华总主编,社会科学文献出版社,2002,
党史与革命史料,太行革命根据地史料丛书11册,,山西人民出版社,1989,
党史与革命史料,中国现代史资料选编5册,魏宏运,黑龙江人民出版社,1981,
党史与革命史料,文史资料存稿选编精选10册,全国政协文史资料委员会,中国文史出版社,2006,
党史与革命史料,文史资料选辑150册（合订本）,中国人民政治协商会议全国委员会文史和学习委员会,中国文史出版社,2011,
党史与革命史料,五四时期的社团4册,张允候等,三联书店,1979,
党史与革命史料,浙东抗战与敌后抗日根据地史料丛书9册,8,,,
党史与革命史料,中共党史风云人物传略丛书10册,,中共党史出版社,2016,
党史与革命史料,中共党史暨文献选萃9册,司马璐,自联出版社,,
党史与革命史料,中共党史教学参考资料27册,中国人民解放军国防大学党史党建政工教研室,党史出版社,,
党史与革命史料,中共党史口述实录5册,刘朋主编,中国古籍出版社,2010,
党史与革命史料,中共党史人物传89册,,中央文献出版社,,
党史与革命史料,中共党史资料76册,中共中央党史研究室,中共党史出版社,,
党史与革命史料,中共冀鲁豫边区党史资料选编11册,中共冀鲁豫边区党史工作组办公室,,,
党史与革命史料,中共中央文件选集（1921-1949）18册,中央档案馆,中共中央党校出版社,1989,
党史与革命史料,中共中央文件选集（1949年以后）50册,中央档案馆,中共中央党校出版社,,
党史与革命史料,中共中央西北局文件汇集（1941-1945）6册,中央档案馆陕西省档案馆,,1994,
党史与革命史料,中国工农红军第四方面军战史资料选编5册（非扫描）,,解放军出版社,1993,
党史与革命史料,中国工农红军长征史料丛书15册,,解放军出版社,2016,
党史与革命史料,中国共产党宣传工作文献选编4册,中共中央宣传部办公厅,学习出版社,1996,
党史与革命史料,中国共产党早期刊物汇编8册,,全国图书馆微缩复制中心,2005,
党史与革命史料,中国共产党组织史资料18册,中共中央组织部、中共中央党史研究室、中央档案馆,中共党史出版社,2000,
党史与革命史料,中国抗日战争军事史料丛书58册,,解放军出版社,2015,
党史与革命史料,中国抗日战争时期外交密档10册,,人民日报出版社,2017,
党史与革命史料,中国抗日战争史料丛刊全1037册,虞和平主编,大象出版社,2016,
党史与革命史料,中国青年运动历史资料19册,共青团中央青运史工作指导委员会,中国青年出版社,2002,
党史与革命史料,中国人民解放军后勤史资料选编抗日战争时期7册,,金盾出版社,,
党史与革命史料,中国人民解放军历史资料丛书100册,,解放军出版社,1992,
党史与革命史料,中国人民解放军历史资料图集8册,,长城出版社,2002,
党史与革命史料,中国人民解放军英雄模范名录5册,总政治部组织部编,,2002,
党史与革命史料,中国新方志·知识青年上山下乡史料辑录7册,金光耀、金大陆主编,上海书店出版社,2014,
党史与革命史料,中华人民共和国经济档案资料选编32册,中国社会科学院、中央档案馆,经济管理出版社,1994,
党史与革命史料,中华人民共和国日史·1949-1999·50册,,四川人民出版社,2003,
党史与革命史料,中华文史资料文库20册,全国政协文史资料委员会,中国文史出版社,1996,
党史与革命史料,抗日战争史资料选编2册,王念基,张辉主编,,
党史与革命史料,抗战时期的大西南丛书9册,,西南师范大学出版社,1994,
党史与革命史料,北京地区抗日运动史料汇编5辑,中共北京市委党史研究室编,中国文史出版社,,
党史与革命史料,太行党史资料汇编7册,山西省档案馆,山西人民出版社,1994,
党史与革命史料,国际共产主义运动历史文献64册,,中央编译出版社,2011,
党史与革命史料,东北区科学技术发展史资料8册,武衡主编,中国学术出版社,1986,
党史与革命史料,抗日战争时期解放区科学技术发展史资料10册,武衡主编,中国学术出版社,1984,
党史与革命史料,中国共产党历史资料丛书202册,,,,
党史与革命史料,中国现代革命史资料丛刊41辑,,人民出版社,,
党史与革命史料,中国共产党新闻工作文件汇编3册,中国社会科学院新闻研究室,新华出版社,1980,
党史与革命史料,博雅史学论丛·海外中国史研究12册,,北京大学出版社,,
党史与革命史料,中国工运史料29册,,,,
党史与革命史料,日军对华作战纪要丛书46册（台）,,,,
党史与革命史料,中国人民解放军后勤史资料选编·解放战争时期7册,,金盾出版社,,
党史与革命史料,中共中央抗日民族统一战线文件选编3册,中央统战部、中央档案馆,档案出版社,1984,
党史与革命史料,中共中央关于工人运动文件选编3册,中华全国总工会,档案出版社,1985,
党史与革命史料,中国工会历史文献5册,中国职工运动史研究室,工人出版社,1958,
党史与革命史料,中华全国总工会文件选编1978-1982·4册,中华全国总工会办公厅,工人出版社,,
党史与革命史料,陕甘宁史料268册,,,,
党史与革命史料,中国共产党新闻工作文件汇编3册,中国社会科学院新闻研究所,新华出版社,1980,
党史与革命史料,国史馆藏有关毛泽东档案2261件,,,,
党史与革命史料,国史馆藏有关中国共产党与中国政权档案3619件,,,,
党史与革命史料,国史馆藏有关新四军档案1190件,,,,
党史与革命史料,国史馆藏有关陈毅档案1292件,,,,
党史与革命史料,国史馆藏"石叟丛书"1995件,,,,
党史与革命史料,国史馆藏有关周恩来档案504件,,,,
党史与革命史料,国史馆藏有关八路军档案1055件,,,,
党史与革命史料,国史馆藏有关陈诚档案1200件,,,,
党史与革命史料,国史馆藏有关顾祝同档案3023件,,,,
党史与革命史料,国史馆藏有关晋察冀根据地档案39件,,,,
党史与革命史料,国史馆藏有关共产国际档案58件,,,,
党史与革命史料,国史馆藏有关共党活动档案450件,,,,
党史与革命史料,国史馆藏有关革命文献档案650件,,,,
党史与革命史料,国史馆藏有关李大钊档案45件,,,,
党史与革命史料,国史馆藏有关瞿秋白档案14件,,,,
党史与革命史料,国史馆藏有关边区政府档案74件,,,,
党史与革命史料,国史馆藏有关陈独秀档案89件,,,,
党史与革命史料,国史馆藏有关陕甘宁档案221件,,,,
党史与革命史料,陕甘宁边区政府文件选编14卷,陕西省档案馆,档案出版社,1990,
党史与革命史料,建国以来重要文献选编2011年版20卷,,中央文献出版社,2011,
党史与革命史料,复兴文库第一编1840~1921全38册,,,,
党史与革命史料,复兴文库第二编1921~1949全65册,,,,
党史与革命史料,复兴文库第三编1949~1978全92册,,,,
党史与革命史料,复兴文库全三编195册,,,,
党史与革命史料,晋察冀史料252册,,,,
党史与革命史料,抗日战争战时报告初编全123卷,杨奎松主编,上海三联书店,2015,
党史与革命史料,影像中国1911-1960·8册,中央通讯社编,中央通讯社,2014,
党史与革命史料,海外稀见抗战影像集6册,中国社会科学院近代史研究所,山西人民出版社,2015,
党史与革命史料,上海革命史资料与研究11册（缺第1册）,中共一大会址纪念馆、上海革命历史博物馆筹备处,上海古籍出版社,2012,
党史与革命史料,在风浪中前进：中国发展与改革编年纪事（977-1989）11册（缺第10）,房维中编,,,
党史与革命史料,中央苏区革命史调查资料汇编8册,吴永明主编,江西人民出版社,2023,
党史与革命史料,建党以来重要文献选编1921-1949·26册,中共中央文献研究室中央档案馆编,中央文献出版社,2011,
党史与革命史料,中国人民解放军文艺史料选编抗日战争时期4册,中国人民解放军文艺史料编辑部,解放军出版社,1988,
党史与革命史料,抗战档案3册,,中央文献出版社,2005,
党史与革命史料,相遇贵相知：中国共产党领导人与党外人士交朋友的故事5册,,辽宁教育出版社,1986,
党史与革命史料,抗日战争正面战场2册,中国第二历史档案馆,江苏古籍出版社,1987,
党史与革命史料,中国人民广播回忆录4册,北京广播学院新闻系编,广播出版社,1983,
党史与革命史料,中国共产党组织史大事纪实1921.7-1937.7·4册,,广东人民出版社,2001,
党史与革命史料,中华人民共和国对外关系文件集10册,,世界知识出版社,,
党史与革命史料,中国抗战大后方历史文化丛书107册,,重庆出版社,,
党史与革命史料,地下党史料100册,,,,
党史与革命史料,妇女运动史料228册,,,,
党史与革命史料,中国当代民间史料集刊23册,华东师范大学中国当代史研究中心,东方出版中心,2011,
党史与革命史料,抗日战争时期解放区科学技术发展史资料8卷,,中国学术出版社,1983,
党史与革命史料,中国现代史资料选辑11册,彭明主编,中国人民大学出版社,1987,
党史与革命史料,天津文史资料选辑111辑,,,,
党史与革命史料,福建革命历史文件汇集21册,,,,
党史与革命史料,广东党史资料47辑,,,,
党史与革命史料,湖北革命历史文件汇集12册,,,,
党史与革命史料,江苏革命史料选辑（缺第6）,,,,
党史与革命史料,江西党史资料45辑,,,,
党史与革命史料,辽宁党史资料4辑,,,,
党史与革命史料,上海革命历史文件汇集17册,,,,
党史与革命史料,上海史研究译丛13册,,,,
党史与革命史料,陕西党史资料丛书24册,,,,
党史与革命史料,中共四川党史资料丛书10册,,,,
党史与革命史料,中共冀鲁豫边区党史资料选编11册,,,,
党史与革命史料,广东青年运动历史资料12册,,,,
党史与革命史料,湖湘文库693册,,,,
党史与革命史料,浙东抗战与敌后抗日根据地史料丛书9卷,,,,
党史与革命史料,鄂豫皖苏区革命历史文件汇集6册,,,,
党史与革命史料,东北地区革命历史文件汇集70册,,,,
党史与革命史料,河北革命历史文件24册,,,,
党史与革命史料,抗战时期的大西南丛书9册,,,,
党史与革命史料,湖南革命历史文件汇集11册,,,,
党史与革命史料,北京地区抗日运动史料汇编5辑,,,,
党史与革命史料,太行党史资料汇编7册,,,,
党史与革命史料,东北区科学技术发展史资料10册,,,,
党史与革命史料,陕西革命历史文件汇集19册,,,,
党史与革命史料,四川革命历史文件汇集14册,,,,
党史与革命史料,浙江革命历史文件汇集9册,,,,
党史与革命史料,湘鄂西革命历史文件汇集4册,,,,
党史与革命史料,广东革命历史文件汇集69册,,,,
党史与革命史料,广西革命历史文件汇集2册,,,,
党史与革命史料,河南革命历史文件汇集11册,,,,
党史与革命史料,闽粤赣革命历史文件汇集2册,,,,
党史与革命史料,江苏革命历史文件汇集22册,,,,
党史与革命史料,江西革命历史文件汇集10册,,,,
党史与革命史料,北京革命历史文件汇集2册,,,,
党史与革命史料,山东革命历史文件汇集8册,,,,
党史与革命史料,北京市组织史资料8册,,,,
党史与革命史料,贵州省组织史资料10册,,,,
党史与革命史料,上海市组织史资料7册,,,,
党史与革命史料,河北省组织史资料72册,,,,
党史与革命史料,《新疆通志·农业志》资料汇编8册,,,,
党史与革命史料,河南省组织史资料159册,,,,
党史与革命史料,广东文史资料87册,,,,
党史与革命史料,山西抗战口述史3册,,,,
党史与革命史料,达斡尔族自治旗文史3册,,,,
党史与革命史料,阿坝州党史研究资料12期,,,,
党史与革命史料,广东党史研究文集5册（缺第5）,,,,
党史与革命史料,上海文献汇编·经济卷（全50册）,,,,
党史与革命史料,杭州佛教文献丛刊(全20册),,,,
党史与革命史料,宁夏文史资料29册,,,,
党史与革命史料,苏州通史16卷,,,,
党史与革命史料,冀南史料68册,,,,
党史与革命史料,内蒙古文史资料68册,,,,
党史与革命史料,山东革命历史档案资料选编24册,,,,
党史与革命史料,川陕革命根据地历史文献资料集成3册,,,,
党史与革命史料,战斗在山东解放区4辑,,,,
党史与革命史料,华中解放区财政经济史料选编7卷,,,,
近代史料,（民国）大事史料长编10册,中国科学院上海历史研究所、复旦大学历史研究所,国家图书馆出版社,2008,
近代史料,《申报》康梁事迹汇抄,,北京图书馆出版社,2008,
近代史料,北平伪中华民国临时政府公报14册,,国家图书馆出版社,2010,
近代史料,北洋时期国会会议记录汇编16册,李强选编,国家图书馆出版社,2011,
近代史料,北洋政府公报影印版244册,第二历史档案馆,上海书店,,
近代史料,鄂豫皖赣四省农村经济调查报告2册,金陵大学农学院农业经济系编纂,国家图书馆出版社,2010,
近代史料,奉系军阀档案史料汇编12册,辽宁省档案馆,江苏古籍出版社,1990,
近代史料,中华民国史事日志4册（台）,郭廷以,"中央研究院"近史所,,
近代史料,国家图书馆藏国立中央研究院史料丛编9册,,国家图书馆出版社,2008,
近代史料,国家图书馆藏民国军事档案文献初编12册,殷梦霞、李强选编,国家图书馆出版社,2009,
近代史料,国民政府公报1925~1931·56册（暂）,,,,
近代史料,国民政府监察院公报20册（缺第16）,中国第二历史档案馆,档案出版社,1992,
近代史料,国民政府立法院公报40册(缺1),,,,
近代史料,国史馆现藏民国人物传记史料汇编31册,,国史馆,,
近代史料,红藏·进步期刊总汇412册（全网唯一最全本）,,湘潭大学出版社,2014,
近代史料,胡汉民未刊往来函电稿15册,陈红民辑注,广西师范大学出版社,2005,
近代史料,蒋中正先生在台军事言论集3册,,,,
近代史料,近代中国史料丛刊1000卷,,台湾文海出版社,,
近代史料,近代中国史料丛刊续编1000卷,,台湾文海出版社,,
近代史料,近代中国史料丛刊第三编850卷,,台湾文海出版社,,
近代史料,近代中国史料丛刊全三编2850卷,,台湾文海出版社,,
近代史料,近代著名图书馆馆刊荟萃19卷,陈子彝编纂,北京图书馆出版社,,
近代史料,近代著名图书馆馆刊荟萃续编20册,,北京图书馆出版社,2005,
近代史料,抗日战争期刊汇编40册,,全国图书馆文献缩微复制中心,2006,
近代史料,满铁档案资料汇编15册,,社会科学文献出版社,2011,
近代史料,民国边政史料汇编30册,马大正主编,国家图书馆出版社,2009,
近代史料,民国佛教期刊文献集成补编·86册,黄夏年主编,中国书店,2008,
近代史料,民国杭州史料辑刊5册,杭州文史委员会,国家图书馆出版社,2011,
近代史料,民国教育统计资料汇编30册,王燕来选编,国家图书馆出版社,2010,
近代史料,民国经济志八种3卷,,国家图书馆出版社,2009,
近代史料,民国漫画期刊集萃10卷,,全国图书馆文献缩微复制中心,2004,
近代史料,民国期刊资料分类汇编·南洋史料18卷,耿素丽、章鑫尧编,国家图书馆出版社,2008,
近代史料,民国善后救济史料汇编14册,,国家图书馆出版社,2008,
近代史料,民国时期物价·生活费·工资史料汇编20册,,全国图书馆文献缩微复制中心,2008,
近代史料,民国时期发行书目汇编7册,国家图书馆典藏阅览部编,国家图书馆出版社,2010,
近代史料,民国时期话剧杂志汇编100册,田本相、宫宝荣、周德明主编,国家图书馆出版社,2017,
近代史料,民国时期社会调查丛编45册,,福建教育出版社,2014,
近代史料,民国史料丛刊1128卷,张研、孙燕京主编,大象出版社,2009,
近代史料,民国铁路沿线经济调查报告15卷,,国家图书馆出版社,2009,
近代史料,民国统计资料四种15卷,,国家图书馆出版社,2010,
近代史料,民国外债档案史料12卷,,,,
近代史料,民国文献类编1000卷,民国时期文献保护中心等编,国家图书馆出版社,2015,
近代史料,民国浙江史料辑刊·第一辑10卷,民国浙江史研究中心,国家图书馆出版社,2008,
近代史料,民国赈灾史料初编6卷,古籍影印室编,国家图书馆出版社,2008,
近代史料,民族学研究集刊2卷,中山文化教育馆研究部民族问题研究室编,国家图书馆出版社,2010,
近代史料,南京临时政府遗存珍档8卷,中国第二历史档案馆,凤凰出版社,2011,
近代史料,申报年鉴全编14卷,申报年鉴社编,国家图书馆出版社,2010,
近代史料,苏联历史档案选编34卷,沈志华主编,,,
近代史料,外交报汇编32卷,外交报馆编,商务印书馆,1914,
近代史料,晚清日本驻华领事报告编译6卷,李少军编,社会科学文献出版社,2016,
近代史料,汪伪政府行政院会议记录31卷,中国第二历史档案馆编,,,
近代史料,文史资料存稿选编精选10卷,全国政协文史资料委员会,中国文史出版社,2006,
近代史料,五四时期的社团4卷,张允候等,三联书店,1979,
近代史料,中国国民党历次全国代表大会暨中央全会文献汇编40卷,曹必宏主编,九州出版社,2012,
近代史料,中国会道门史料集成：近百年来会道门的组织与分布2卷,,中国社会科学出版社,2004,
近代史料,中国近代经济史参考资料从刊·8种26册,严中平编,科学出版社,2016,
近代史料,中国近代期刊篇目汇录5册,上海图书馆编,上海人民出版社,,
近代史料,中国现代出版史料5册,张静庐辑注,中华书局,1956,
近代史料,中国战区受降档案12册,中国第二历史档案馆,南京出版社,2015,
近代史料,中华民国档案资料汇编100卷,中国第二历史档案馆,凤凰出版社,,
近代史料,中华民国外交史料汇编15册,陈志奇辑编,渤海堂文化事业有限公司,1996,
近代史料,中华图书馆协会汇报6卷,中华图书馆协会执行部,国家图书馆出版社,2009,
近代史料,中央研究院近代史研究所编中国近代史资料汇编37卷,,中央研究院近代史研究所,,
近代史料,中央研究院口述历史丛书90卷,,中央研究院近代史研究所,,
近代史料,近代人物年谱辑刊20卷（缺1）,国家图书馆出版社整理,国家图书馆出版社,2012,
近代史料,《国学论文索引》全编4卷,刘修业等编,国家图书馆出版社,2011,
近代史料,中国经济年鉴：1934-1936·22卷,实业部中国经济年鉴编纂委员会编,国家图书馆出版社,2011,
近代史料,中华民国史史料外编100卷（缺1）,季哮峰、沈友益主编,广西师范大学出版社,1997,
近代史料,中华民国史史料长编70卷,,南京大学出版社,1993,
近代史料,明清台湾档案汇编5辑110卷,台湾史料集成编辑委员会编,远流出版事业股份有限公司,2006,
近代史料,清末官报汇编78卷,,全国图书馆文献缩微复制中心,2006,
近代史料,中国旧海关史料1859~1948·170卷,中国第二历史档案馆,京华出版社,,
近代史料,清代官员履历档案全编30卷,中国第二历史档案馆,华东师范大学,,
近代史料,民国学者著述丛辑初辑1327卷（阿里网盘）,,,,
近代史料,中国近代各地小报汇刊97卷,,学苑出版社,2010,
近代史料,中国近代史资料丛刊13种80卷,中国史学会主编,上海人民出版社,2000,
近代史料,中国近代史资料丛刊续编33卷,戚其章主编,中华书局,,
近代史料,伪满洲国统计资料汇编36卷（缺9卷）,,线装书局,2009,
近代史料,海关十年报告1882~1931,,,,
近代史料,民国时期日报索引10卷,中山文化教育馆编,国家图书馆出版社,2013,
近代史料,文学论文索引全编3卷,刘修业编,国家图书馆出版社,2010,
近代史料,中华民国史档案资料汇编92卷,中国第二历史档案馆,江苏古籍出版社,,
近代史料,中华民国重要史料初编·对日抗战时期26卷,秦孝仪主编,中国国民党中央委员会党史委员会,1988,
近代史料,国民革命战史22卷（台）,蒋纬国编,,,
近代史料,《社会科学杂志》全编8卷,陶孟和、曾炳钧主撰,国家图书馆出版社,2011,
近代史料,1927-1949年禁书（刊）史料汇编4卷,王熙华、朱一冰合辑,北京图书馆出版社,2007,
近代史料,中国人民大学新闻学院藏稀见民国新闻史料汇编29卷,方汉奇、王润泽主编,国家图书馆出版社,2012,
近代史料,中国社会科学院经济研究所藏近代经济史料初编18卷,中国社会科学院经济研究所,国家图书馆出版社,2013,
近代史料,中国近代经济史研究集刊4卷,陶孟和等编,国家图书馆出版社,2008,
近代史料,五四时期重要期刊汇编20卷,李强辑,国家图书馆出版社,2012,
近代史料,内务公报18卷,内务部总务厅统计科编,国家图书馆出版社,2010,
近代史料,中国近代中医药期刊汇编全5辑213卷,段逸山主编,上海辞书出版社,2012,
近代史料,中国近现代女性期刊汇编336卷（暂）,王长林、唐莹编,线装书局,2008,
近代史料,中国近代兵器工业档案史料4卷,,,,
近代史料,晚清珍稀期刊续编全40册,,全国图书馆文献缩微复制中心,,
近代史料,民国时期出版史料汇编22册,吴永贵编,国家图书馆出版社,2013,
近代史料,民国时期北京（平）金融档案史料选编8册,,新华出版社,2020,
近代史料,五四运动档案史料选编2册,,新华出版社,2019,
近代史料,中国近现代稀见史料丛刊94册,,凤凰出版社,2014,
近代史料,国民政府抗战时期厂企内迁档案选辑3册,中国第二历史档案馆,重庆出版社,2016,
近代史料,北洋军阀史料选辑2册,,中国社会科学出版社,1981,
近代史料,中国近现代出版史料10册,张敬庐,上海书店出版社,2011,
近代史料,民国时期社会调查资料汇编（全30册）,,国家图书馆出版社,2013,
近代史料,北洋政府档案188册,第二历史档案馆编,中国档案出版社,,
近代史料,近代中国对西方及列强认识资料汇编9册,中央研究院近代史研究所编,中央研究院近代史研究所,1974,
近代史料,民国佛教期刊文献集成(全209卷),黄夏年主编,中国书店,2011,
近代史料,稀见民国佛教文献汇编（报纸）13卷,黄夏年主编,中国书店,2007,
近代史料,民国时期出版史料续编20册,吴永贵编,国家图书馆出版社,2016,
近代史料,伪满洲国史料33册,,全国图书馆文献缩微复制中心,2002,
近代史料,近代旅游指南汇刊40册（缺第37）,王强主编,凤凰出版社,2014,
近代史料,近代旅游指南汇刊二编25册,王强主编,凤凰出版社,2017,
旧报刊,国立北平图书馆馆刊1929.9-1936.12,,,,
旧报刊,红藏·进步期刊总汇412册（全网唯一最全）,,,,
旧报刊,救亡情报1936,,,,
旧报刊,申报1872-1949,,,,
旧报刊,新潮1919-1920,,,,
旧报刊,庸言1912-1914,,,,
旧报刊,少年中国,,,,
旧报刊,解放与改造1919-1922,,,,
旧报刊,小说月报1910-1932,,,,
旧报刊,创造1卷1期-2卷2期,,,,
旧报刊,上海影坛1943-1945,,,,
旧报刊,妇女杂志1915-1945,,,,
旧报刊,艺风杂志1933-1936,,,,
旧报刊,文学季刊1934-1935,,,,
旧报刊,东北画报1946-1949,,,,
旧报刊,图画晨报1932-1935,,,,
旧报刊,美术生活1934-1937,,,,
旧报刊,中国摄影1946-1949,,,,
旧报刊,独立评论1932-1937,,,,
旧报刊,上海妇女1938-1940,,,,
旧报刊,新影坛1942-1945,,,,
旧报刊,新月1928-1931,,,,
旧报刊,青鹤1932-1937,,,,
旧报刊,觉悟1924-1928,,,,
旧报刊,创造周报1923-1924,,,,
旧报刊,学衡1922-1932,,,,
旧报刊,红色中华1931-1937,,,,
旧报刊,新中华报1937-1941,,,,
旧报刊,《逸经》《宇宙风》《西风》非常时期联合旬刊1937,,,,
旧报刊,鄂棉1936-1937,,,,
旧报刊,儿童世界1922-1941,,,,
旧报刊,制言1935-1940,,,,
旧报刊,妇女生活1935-1941,,,,
旧报刊,好莱坞周刊1928-1929,,,,
旧报刊,教育与职业1917-1949,,,,
旧报刊,洪水1924-1927,,,,
旧报刊,解放周刊1931-1941,,,,
旧报刊,京报副刊1924-1926,,,,
旧报刊,湖北民国期刊37种,,,,
旧报刊,金刚钻月刊1933-1934,,,,
旧报刊,萌芽1930,,,,
旧报刊,万象1934,,,,
旧报刊,戏剧周报1936,,,,
旧报刊,越风1935-1937,,,,
旧报刊,燕京学报1927-1951,,,,
旧报刊,礼拜六1914-1921,,,,
旧报刊,民国佛教期刊文献集成·补编86卷,,,,
旧报刊,民国漫画期刊集粹,,,,
旧报刊,向导周报1922-1927,,,,
旧报刊,群众周刊1937-1947,,,,
旧报刊,新民报晚刊1948-1958,,,,
旧报刊,中美日报1938-1946,,,,
旧报刊,小小日报1925-1936,,,,
旧报刊,世界小报1923-1926,,,,
旧报刊,京津泰晤士报1918-1930,,,,
旧报刊,时报1904-1939,,,,
旧报刊,民国日报1916-1947,,,,
旧报刊,晶报1919-1940,,,,
旧报刊,金刚钻报1923-1938,,,,
旧报刊,大公报（香港）1938-1941,,,,
旧报刊,大楚报1939-1945,,,,
旧报刊,边区群众报1947-1948,,,,
旧报刊,上海画报1925-1932,,,,
旧报刊,女子月刊1933-1937,,,,
旧报刊,晨钟报1916.8-1918.9,,,,
旧报刊,每周评论全集,,,,
旧报刊,语丝,,,,
旧报刊,新申报1916.11-1927.3,,,,
旧报刊,图画日报影印本8卷,,,,
旧报刊,东方杂志1904-1948,,,,
旧报刊,参考消息1957-1998,,,,
旧报刊,红旗杂志1958-1976,,,,
旧报刊,红旗杂志1958-1988,,,,
旧报刊,人民画报1950-1976,,,,
旧报刊,人民日报1946-2023（唯一最全）,,,,
旧报刊,新华日报1938-1947,,,,
旧报刊,炎黄春秋1999-2018,,,,
旧报刊,甲寅杂志·甲寅周刊影印本5卷,,,,
旧报刊,思想期刊50期（台）,,,,
旧报刊,思想史12期（台）,,,,
旧报刊,新青年全集,,,,
旧报刊,故事会1955-2023,,,,
旧报刊,革命文献117辑（台）,,,,
旧报刊,晨报1918.12-1927.9,,,,
旧报刊,晨报副刊1921-1928·889期,,,,
旧报刊,世界画报1925-1937,,,,
旧报刊,儿童画报1922-1940,,,,
旧报刊,号外画报672期,,,,
旧报刊,中华图书馆协会会报6卷,,,,
旧报刊,北洋画报1926-1937,,,,
旧报刊,上海漫画1928-1930,,,,
旧报刊,时代漫画1934-1937,,,,
旧报刊,晋察冀画报·摄影新闻·天津画报·晋察冀画刊·人民画刊·冀中画报·华北画刊合集,,,,
旧报刊,玲珑杂志1931-1937,,,,
旧报刊,良友画报1926-1945,,,,
旧报刊,中西见闻录1872-1875,,,,
旧报刊,浙江潮1903,,,,
旧报刊,月月小说1906-1909,,,,
旧报刊,绣像小说1903-1906,,,,
旧报刊,新小说1903-1906,,,,
旧报刊,小说林1904,,,,
旧报刊,女子世界1904-1907,,,,
旧报刊,中国评论（英文）1872-1901,,,,
旧报刊,中国丛报（英文）1832-1851,,,,
旧报刊,时务报1896-1898,,,,
旧报刊,湖社月刊影印本3卷,,,,
旧报刊,清议报1898-1901,,,,
旧报刊,东西洋考每月统记传1833-1838,,,,
旧报刊,飞影阁画报1890-1893,,,,
旧报刊,解放日报合订本12册+索引6册,,,,
旧报刊,新新小说1904-1907,,,,
旧报刊,新民丛报1902-1907,,,,
旧报刊,民报1905-1910,,,,
旧报刊,点石斋画报1884-1889,,,,
旧报刊,六合丛谈1884-1889,,,,
旧报刊,秘书工作2013-2022,,,,
旧报刊,温故辑刊全33卷,,,,
旧报刊,中华遗产2006-2021（缺08、09）,,,,
旧报刊,中央日报1928-2006,,,,
旧报刊,时事新报1911-1948,,,,
旧报刊,理论动态汇编本612期,,,,
旧报刊,中国国家地理2003-2022,,,,
旧报刊,工人之路 民国14-16,,,,
旧报刊,台湾"中央研究院"近代史研究所集刊1969-2024全125期,,,,
旧报刊,《红色中华》全编整理本8册,,,,
旧报刊,广东省政府公报·516份（1927-1940）,,,,
旧报刊,海军公报1930-1942·177期,,,,
旧报刊,生活周刊1925-1933（缺1932年）362期,,,,
旧报刊,民呼、民吁、民立报1909-1913,,,,
旧报刊,盛京时报1906-1944,,,,
旧报刊,中国近代各地小报汇刊97卷,,,,
旧报刊,大刚报1945-1950,,,,
旧报刊,云南日报1935-1947,,,,
旧报刊,文艺报1949-1965,,,,
旧报刊,艺林旬刊全72期,,,,
旧报刊,江声报1931-1951,,,,
旧报刊,东北日报1945-1954,,,,
旧报刊,清华周刊380期,,,,
旧报刊,艺林月刊全118期,,,,
旧报刊,观察 全128期,,,,
旧报刊,泰东日报1911-1938,,,,
旧报刊,顺天时报1905-1930,,,,
旧报刊,北京画报1926-1932,,,,
旧报刊,华美晚报1936-1949,,,,
旧报刊,党军日报1939-1945,,,,
旧报刊,国民新闻1940-1945,,,,
旧报刊,京报（南京）1940-1944,,,,
旧报刊,力报1937-1945·1947-1949,,,,
旧报刊,灵学丛志1918-1920·16期,,,,
旧报刊,东亚晨报1939-1943,,,,
旧报刊,商标公报1928-1951,,,,
旧报刊,求是2021-2025.5,,,,
旧报刊,益世报（天津）1915-1949,,,,
旧报刊,江西民国日报1929-1949,,,,
旧报刊,自由中国260册,,,,
旧报刊,学习与批判1973-1976全38期,,,,
旧报刊,读书杂志1931-1933,,,,
旧报刊,共产党月刊全6期,,,,
旧报刊,中国青年1948-1993全606期,,,,
旧报刊,真理月报1939-1941存16期,,,,
旧报刊,传记文学1962-2014,,,,
旧报刊,徽州日报1933-1949,,,,
旧报刊,东方文库·东方文库续编·全128册,,,,
旧报刊,文汇报1938-1999,,,,
其他史料,北京出版社影印本·四库禁毁书丛刊310册,,北京出版社,,
其他史料,北京出版社影印本·四库禁毁书从刊补编90册,,北京出版社,2005,
其他史料,北京图书馆藏中国历代石刻拓本汇编101卷,北京图书馆金石组编,中州古籍出版社,1989,
其他史料,俄罗斯解密档案选编12卷,沈志华主编,东方出版中心,2015,
其他史料,文献丛编全编12卷,故宫博物院编,国家图书馆出版社,2008,
其他史料,故宫物品点查报告10册,清室善后委员会,清室善后委员会,1925,
其他史料,国立中央研究院历史语言研究所集刊137册,国立中央研究院历史语言研究所集刊编辑委员会,商务印书馆,,
其他史料,国家图书馆藏古籍题跋丛刊30册,国家图书馆编,国家图书馆,2002,
其他史料,历代史料笔记丛刊230册,,中华书局,,
其他史料,美国国家安全战略解密文献选编1945~1972·3卷,周建明、王成至主编,社会科学文献出版社,2010,
其他史料,清代边疆史料抄稿本汇编50卷,国家图书馆编,线装书局,2003,
其他史料,清代档案史料丛编17卷,故宫博物院明清档案部编,中华书局,1978,
其他史料,清代军机处电报档汇编41卷,中国第一历史档案馆,中国人民大学出版社,2005,
其他史料,清代七百名人传3卷,蔡冠洛编,国家图书馆出版社,2008,
其他史料,上海古籍出版社影印本续·修四库全书1800卷,,上海古籍出版社,2010,
其他史料,上海图书馆未刊古籍稿本60卷,,复旦大学出版社,2008,
其他史料,史料旬刊4卷,故宫博物院,国家图书馆出版社,2008,
其他史料,中国国家图书馆古籍藏书印选编10卷,国家图书馆分馆普通古籍组编,线装书局,2004,
其他史料,台湾文献史料丛刊205卷,,台湾大通书局,1987,
其他史料,新编文史笔记丛书50卷,,中华书局,2005,
其他史料,影印文渊阁四库全书1500卷,纪昀等编,北京出版社,2012,
其他史料,永乐大典散本收集207卷,,,,
其他史料,中国考试史文献集成9卷7册,杨学为总主编,高等教育出版社,2003,
其他史料,中国历代书院志16册,赵所生、薛正兴主编,江苏教育出版社,1995,
其他史料,中国人口史6卷,葛剑雄主编,复旦大学出版社,2002,
其他史料,中国三千年气象记录总集增订版4卷,张德三著,江苏教育出版社,2013,
其他史料,中国纹样全集4册,吴山编著,山东美术出版社,2009,
其他史料,中国新文学大系110卷,,上海文艺出版社,,
其他史料,中国野史集成+续编80册,,巴蜀书社,,
其他史料,中国公共图书馆古籍文献珍本汇刊44卷,全国公共图书馆古籍文献编委会,中华全国图书馆文献缩微复制中心,1996,
其他史料,中华现代学术名著丛书120年纪念版210册,,商务印书馆,,
其他史料,中华野史80卷,纪江红主编,中国文史出版社,2002,
其他史料,中西交通史料汇编6卷,张星烺编注,中华书局,2003,
其他史料,中研院史语所现存明清档案323卷,,,,
其他史料,中研院史语所明清史料·甲·乙·丙·卯·辛·已编36册,,,,
其他史料,晚清名儒年谱20卷,,北京图书馆出版社,2006,
其他史料,乾嘉名儒年谱14卷（缺2卷）,,北京图书馆出版社,2006,
其他史料,清初名儒年谱16卷（缺1卷）,,北京图书馆出版社,2006,
其他史料,中国学术思想编年6卷,张岂之主编,陕西师范大学出版社,2006,
其他史料,中国学术思想研究辑刊初编28卷,林庆彰主编,花木兰文化出版社,2008,
其他史料,中国学术思想研究辑刊二编28卷,林庆彰主编,花木兰文化出版社,2008,
其他史料,中国学术思想研究辑刊三编28卷（缺1卷）,林庆彰主编,花木兰文化出版社,2009,
其他史料,中国学术思想研究辑刊四编28卷,林庆彰主编,花木兰文化出版社,2009,
其他史料,中国学术思想研究辑刊五编20卷,林庆彰主编,花木兰文化出版社,2009,
其他史料,中国学术思想研究辑刊六编30卷（缺1卷）,林庆彰主编,花木兰文化出版社,2010,
其他史料,中国学术思想研究辑刊七编24卷,林庆彰主编,花木兰文化出版社,2010,
其他史料,中国学术思想研究辑刊八编35卷,林庆彰主编,花木兰文化出版社,2010,
其他史料,中国学术思想研究辑刊九编20卷,林庆彰主编,花木兰文化出版社,2010,
其他史料,中国学术思想研究辑刊十编40卷,林庆彰主编,花木兰文化出版社,2010,
其他史料,中国学术思想研究辑刊十一编40卷,林庆彰主编,花木兰文化出版社,2011,
其他史料,中国学术思想研究辑刊十二编55卷,林庆彰主编,花木兰文化出版社,2011,
其他史料,中国学术思想研究辑刊十三编25卷,林庆彰主编,花木兰文化出版社,2012,
其他史料,中国学术思想研究辑刊十四编23卷,林庆彰主编,花木兰文化出版社,2012,
其他史料,中国学术思想研究辑刊十五编18卷,林庆彰主编,花木兰文化出版社,2013,
其他史料,中国学术思想研究辑刊十六编25卷,林庆彰主编,花木兰文化出版社,2013,
其他史料,中国学术思想研究辑刊十七编34卷,林庆彰主编,花木兰文化出版社,2013,
其他史料,四库未收书辑刊301卷,,北京出版社,2000,
其他史料,梵蒂冈图书馆藏明清时期中西文化交流史文献丛刊第一辑44卷,张西平等,大象出版社,2014,
其他史料,明代进士登科录汇编22卷（台）,,,,
其他史料,丛书集成新编121卷（台）,,新文丰出版公司,1986,
其他史料,丛书集成续编280卷（台）,,新文丰出版公司,1997,
其他史料,丛书集成三编100卷（台）,,新文丰出版公司,1997,
其他史料,丛书集成全三编500卷,,新文丰出版公司,,
其他史料,中华文史丛书115卷（台）,,华文书局,1968,
其他史料,湖湘文库642卷,,岳麓书社,2011,
其他史料,华东师范大学图书馆藏稀见丛书汇刊40卷,黄秀文、吴平主编,北京图书馆出版社,2006,
其他史料,清代官员履历档案全编30卷,中国第二历史档案馆,华东师范大学,,
其他史料,清宫升平署档案集成108卷,中国国家图书馆编纂,中华书局,2011,
其他史料,中国明朝档案总汇101卷,中国第一历史档案馆、辽宁档案馆编,广西师范大学出版社,2001,
其他史料,大连图书馆藏清代内务府档案22卷,大连图书馆编,国家图书馆出版社,2010,
其他史料,中国边疆研究资料文库·边疆史地文献初编·东北边疆·第一辑29册第二辑24册,,知识产权出版社,,
其他史料,中国边疆研究资料文库·边疆史地文献初编·西北边疆·第一辑25册（缺1）第二辑21册,,知识产权出版社,,
其他史料,中国边疆研究资料文库·边疆史地文献初编·北部边疆·第一辑17册第二辑14册,,知识产权出版社,,
其他史料,中国边疆研究资料文库·边疆行政建制初编·西北及西南23卷,,知识产权出版社,,
其他史料,清实录60卷,,中华书局影印,,
其他史料,裁判文书全量数据1985~2021,,,,
其他史料,中国绘画全集30卷,中国古代书画鉴定组编,文物出版社,1999,
其他史料,中国现代美术全集48卷,,,,
其他史料,中国法书全集18卷,启功主编,文物出版社,2009,
其他史料,中国书法全集59卷（暂）,,,,
其他史料,中国少数民族古籍集成汉文版100卷,徐丽华主编,四川民族出版社,2002,
其他史料,清宫内务府造办处档案总汇55卷,中国第一历史档案馆,人民出版社,,
其他史料,清代科举人物家传资料汇编101卷,来新夏主编,学苑出版社,2006,
其他史料,国家清史编纂委员会文献丛刊2163卷,,,,
其他史料,稀见清咸同光三朝档册3卷,,,,
其他史料,稀见清咸丰军事外交谕令密件2卷,,全国图书馆文献缩微复制中心,2005,
其他史料,清同治朝政务档案3卷,,全国图书馆文献缩微复制中心,2005,
其他史料,赫鲁晓夫言论15册,,世界知识出版社,1966,
其他史料,黔南丛书·点校本6册,王士性著,贵州人民出版社,2010,
其他史料,续黔南丛书15册,贵州省文史研究馆编,贵州人民出版社,2012,
其他史料,甲骨文合集13册,郭沫若主编,中华书局,1981,
其他史料,甲骨文合集补编14册,,语文出版社,1999,
其他史料,中国少数民族社会历史调查资料109册,,民族出版社,,
其他史料,百衲本二十四史,,,,
其他史料,中国历史地图集8册,,中华地图学社,1975,
其他史料,日本军国主义侵华资料长编3册,,四川人民出版社,1987,
其他史料,中国书画名家精品大典4册,朱伯雄、曹成章主编,浙江教育出版社,1998,
其他史料,中国京剧经典剧目汇编12册,,中国文史出版社,2017,
其他史料,评剧汇编20册,沈阳市文化局剧目室,,1984,
其他史料,京剧传统剧本汇编36册,北京市艺术研究所,北京研究所,2009,
其他史料,中国河湖大典11册,,中国水利水电出版社,2010,
其他史料,上海文献汇编·经济卷（全50册）,,天津古籍出版社,2012,
其他史料,京剧历史文献汇编14册,傅谨主编,凤凰出版社,2011,
其他史料,杭州佛教文献丛刊(全20册),,杭州出版社,2005,
其他史料,明代通俗日用类书集刊（全16册）,中国社会科学院历史研究所文化室,西南师范大学出版社,2011,
其他史料,肯尼迪遇刺档案,,,,
其他史料,宋人年谱丛刊12册,吴洪泽等主编,四川大学出版社,2002,
其他史料,中国书法史7册,,江苏教育出版社,2008,
其他史料,中国少数民族古籍总目提要21卷,国家民族事务委员会全国少数民族古籍整理研究室,中国大百科全书出版社,2013,
其他史料,新中国出土墓志23册,中国文物研究所·河南省文物研究所,文物出版社,,
其他史料,咸同贵州军事史8册,古籍,,,
其他史料,二十四史全译88册,许嘉璐主编,汉语大词典出版社,2004,
其他史料,中国现代哲学史资料汇编+续编（存48册）,辽宁大学哲学系,,1982,
其他史料,元和郡县图志1-40卷,,商务印书馆,1937,
其他史料,嘉庆重修《大清一统志》四部丛刊本31卷,,,,
其他史料,大明一统志·天顺五年御制序刊本90卷,,,,
其他史料,方舆考证·济宁潘氏华鉴阁本100册40卷,,,,
其他史料,万历《开原图说》1卷,,,,
其他史料,台湾学生书局方志系列19册,,,,
其他史料,中国方志丛书1834册,,,,
其他史料,中华山水志丛刊·山志20册（缺21-38）,,线装书局,2004,
其他史料,中华山水志丛刊·河川湖泽志37册,,线装书局,2004,
其他史料,中国历代书院志16卷,,,,
其他史料,中国地方志民俗资料汇编7卷,,,,
其他史料,中国地方志集成664卷,,,,
其他史料,中国风物志丛书12卷,,,,
其他史料,北京师范大学图书馆藏稀见方志丛刊122卷,,北京图书馆出版社,2007,
其他史料,天一阁藏明代方志选刊105卷,,,,
其他史料,宋元方志丛刊8卷,,,,
其他史料,日本早稻田大学图书馆藏地方志16种561卷,,,,
其他史料,日本藏中国罕见地方志丛刊26种44卷,,,,
其他史料,早稻田大学图书馆藏书·历史地理部分1183卷,,,,
其他史料,明代孤本方志选23种12卷,,,,
其他史料,浙江图书馆丛书地理考证类34种16卷,,,,
其他史料,清代孤本方志选第一辑76种30卷,,,,
其他史料,清代孤本方志选第二辑10卷（暂）,,,,
其他史料,陕西图书馆藏稀见方志丛刊55种16卷,,,,
其他史料,中国地方志总目提要4卷,,,,
其他史料,中国地方志论集1911-1983·2卷,,,,
其他史料,历代释道人物志·百部地方志选集4卷,,,,
其他史料,天一阁藏明代方志选刊·人物资料人名索引2卷,,,,
其他史料,明代地方志传记索引2卷,,,,
其他史料,永乐大典方志辑佚5卷,,,,
其他史料,稀见中国地方志汇刊60卷,,,,
